Sr No,Student Name,Category,Batch / Class,Status,Email,Mobile / Phone,Parent Name,Parent Phone
1,Aryan Vinod Metange,Autonomous,Class 10  State Board,ACTIVE,metangevinod@gmail.com,9689300703,,
2,Bhargav Virokar,Autonomous,Class 10  State Board,ACTIVE,virokarb@gmail.com,9763500600,,
3,Harsh Sharma,Autonomous,Class 10  State Board,ACTIVE,hs6258420@gmail.com,8421291295,,
4,Hrujeet Jeevan Bharati,Autonomous,Class 10  State Board,ACTIVE,prajaktabharatibc1@gmail.com,9860326481,,
5,Jagdish Durgasingh Lodhi,Autonomous,Class 10  State Board,ACTIVE,jagdishrajput.0111@gmail.com,9322406228,,
6,Parth Asolkar,Autonomous,Class 10  State Board,ACTIVE,Parthasolkar333@gmail.com,8767323439,,
7,Pradnya Sadanand Ingle,Autonomous,Class 10  State Board,ACTIVE,shramaningle@gmail.com,8999811114,,
8,Prathmesh Tawari,Autonomous,Class 10  State Board,ACTIVE,prathmeshtawari1@gmail.com,7620947233,,
9,Rudra Sunil Atole,Autonomous,Class 10  State Board,ACTIVE,supriyaatole19@gmail.com,8767835848,,
10,Shaurya Nagsen Angre,Autonomous,Class 10  State Board,ACTIVE,shauryaangre2011@gmail.com,9881449377,,
11,Shree Akarte,Autonomous,Class 10  State Board,ACTIVE,shreeakarte@gmail.com,8010877031,,
12,Shreya sunil susar,Autonomous,Class 10  State Board,ACTIVE,kiransusar1522@gmail.com,9067431262,,
13,Tanmay Asolkar,Autonomous,Class 10  State Board,ACTIVE,tanmayasolkar@gmail.com,9226766670,,
14,Vedant Karnkar,Autonomous,Class 10  State Board,ACTIVE,karnkarsangita@gmail.com,9527380089,,
15,Ananya Sachin Jirapure,Regular,Class 10  State Board,ACTIVE,ananyajirapure@gmail.com,9673708360,,
16,Mohit karande,Regular,Class 10  State Board,ACTIVE,tusharpatil47320@gmail.com,7016755687,,
17,Satvik Ramvijay Burungale,Regular,Class 10  State Board,ACTIVE,meenakshiburungale@gmail.com,8999631011,,
18,Sejal umesh borse,Regular,Class 10  State Board,ACTIVE,kalpnaborse0@gmail.com,7020917001,,
19,Shreyas Sandip Bodade,Regular,Class 10  State Board,ACTIVE,sandipbodade35@gmail.com,8308543228,,
20,Student User,Regular,Class 10  State Board,ACTIVE,s@c.com,,,
21,Vikrant Rothe,Regular,Class 10  State Board,ACTIVE,shitalrothe87@gmail.com,9139333299,,
22,Riya Sanjay Sahastrabuddhe,Autonomous,Class 8th Foundation,ACTIVE,riyasahastrabuddhe2@gmail.com,8788571005,,
23,Shraman sadanand Ingle,Autonomous,Class 8th Foundation,ACTIVE,sadanandringle80@gmail.com,9923275889,,
24,Shravani Chandrashekhar Parayakar,Autonomous,Class 8th Foundation,ACTIVE,shravani19@sxeschoolshegaon.co.in,9021027279,,
25,Shreya Solanke,Autonomous,Class 8th Foundation,ACTIVE,solankerekha330@gmail.com,8208748977,,
26,Shreyash Sadashiv Jumale,Autonomous,Class 8th Foundation,ACTIVE,shreyashjumale74@gmail.com,9699631583,,
27,Vedant Pahurkar,Autonomous,Class 8th Foundation,ACTIVE,sujatapahurkar85@gmail.com,9579088205,,
28,Aarya Bhende,Regular,Class 8th Foundation,ACTIVE,mrunalibhende0@gmail.com,7264960346,,
29,Adhira Sumit Warge,Regular,Class 8th Foundation,ACTIVE,surekhawarge179@gmail.com,8668363710,,
30,Anushka Pravin Itware,Regular,Class 8th Foundation,ACTIVE,chhayapravinitwarechhayaitware@gmail.com,7709178489,,
31,Aryan Rohankar,Regular,Class 8th Foundation,ACTIVE,aryanrohankar2012@gmail.com,8767378390,,
32,Kartavya Chandurkar,Regular,Class 8th Foundation,ACTIVE,seemachandurkar347@gmail.com,9604166982,,
33,Mahi Anil Donge,Regular,Class 8th Foundation,ACTIVE,mahidonge@gmail.com,7588804609,,
34,Radhika vijay sharma,Regular,Class 8th Foundation,ACTIVE,rupalisharma06163@gmail.com,9822974767,,
35,Swaraj Rothe,Regular,Class 8th Foundation,ACTIVE,swarajrothe02@gmail.com,9136333299,,
36,Athrav Pawan Chandak,Autonomous,Class 9th Foundation,ACTIVE,pawanchandak12@gmail.com,9422945155,,
37,Chahak Bhavesh Sharma,Autonomous,Class 9th Foundation,ACTIVE,chahakbsharma@gmail.com,9420083452,,
38,Mohit Ramnarayan Sharma,Autonomous,Class 9th Foundation,ACTIVE,mohitsharmashegaon@gmail.com,6376933844,,
39,Riddhish Pravin Rahate,Autonomous,Class 9th Foundation,ACTIVE,riddhishrahate777@gmail.com,9767023080,,
40,Samruddhi ganesh wakekar,Autonomous,Class 9th Foundation,ACTIVE,ganeshwakekar@gmail.com,8208077041,,
41,Shlok Harish Tapdiya,Autonomous,Class 9th Foundation,ACTIVE,harshatapdiya@gmail.com,8208546348,,
42,Shreya bhimrao Shegokar,Autonomous,Class 9th Foundation,ACTIVE,bhimashegokar0@gmail.com,7875340703,,
43,Siddhi Rameshwar Dangra,Autonomous,Class 9th Foundation,ACTIVE,sangitadangra@gmail.com,8999464263,,
44,Siddhi Vijay Lanjulkar,Autonomous,Class 9th Foundation,ACTIVE,siddhivijaylanjulkar@gmail.com,8605256938,,
45,Vrujesh Dinesh Bhutada,Autonomous,Class 9th Foundation,ACTIVE,vrajbhutada@gmail.com,8767608660,,
46,Aditya Ashish Rajore,Regular,Class 9th Foundation,ACTIVE,ashishrajore1980@gmail.com,8888588171,,
47,Agnita Gajanan more,Regular,Class 9th Foundation,ACTIVE,morerohinitai@gmail.com,9881253625,,
48,Anshika Suresh Golhar,Regular,Class 9th Foundation,ACTIVE,anshikagolhar@gmail.com,8208140959,,
49,Arpita Keshav Kathole,Regular,Class 9th Foundation,ACTIVE,keshavkathole498@gmail.com,9860234476,,
50,Atharva Rajesh Gawande,Regular,Class 9th Foundation,ACTIVE,vrgawande77@gmail.com,9423650240,,
51,Janvi rajiv damre,Regular,Class 9th Foundation,ACTIVE,janvidamre@gmail.com,9270328084,,
52,Kartik Ganesh Bhise,Regular,Class 9th Foundation,ACTIVE,kartikbhise@gmail.com,9359694635,,
53,Likhit Manoj Rathi,Regular,Class 9th Foundation,ACTIVE,shegaon@gmail.com,8806957077,,
54,Mansvi Vijay Jawanjal,Regular,Class 9th Foundation,ACTIVE,radhikavjawanjal9011@gmail.com,9370109097,,
55,Samarth Sudhir Ingle,Regular,Class 9th Foundation,ACTIVE,samarth07@gmail.com,7499272934,,
56,Shreyash vilas pawar,Regular,Class 9th Foundation,ACTIVE,ranjanavpawar121@gmail.com,9188880881,,
57,Vedika Rahul Borde,Regular,Class 9th Foundation,ACTIVE,vedikaborde2012@gmail.com,9763949675,,
58,Vedika Vicky Gehani,Regular,Class 9th Foundation,ACTIVE,gehanivicky863@gmail.com,7038099002,,